emailid,firstname,lastname
Steven.King@company.com,Steven,King
Neena.Kochhar@company.com,Neena,Kochhar
Alexander.Hunold@company.com,Alexander,Hunold
Bruce.Ernst@company.com,Bruce,Ernst
David.Austin@company.com,David,Austin
Valli.Pataballa@company.com,Valli,Pataballa
Diana.Lorentz@company.com,Diana,Lorentz
Nancy.Greenberg@company.com,Nancy,Greenberg
Daniel.Faviet@company.com,Daniel,Faviet
John.Chen@company.com,John,Chen
Ismael.Sciarra@company.com,Ismael,Sciarra
Luis.Popp@company.com,Luis,Popp
Den.Raphaely@company.com,Den,Raphaely
Alexander.Khoo@company.com,Alexander,Khoo
Shelli.Baida@company.com,Shelli,Baida
Sigal.Tobias@company.com,Sigal,Tobias
Guy.Himuro@company.com,Guy,Himuro
Karen.Colmenares@company.com,Karen,Colmenares
Matthew.Weiss@company.com,Matthew,Weiss
Adam.Fripp@company.com,Adam,Fripp
Payam.Kaufling@company.com,Payam,Kaufling
Shanta.Vollman@company.com,Shanta,Vollman
Kevin.Mourgos@company.com,Kevin,Mourgos
Julia.Nayer@company.com,Julia,Nayer
Irene.Mikkilineni@company.com,Irene,Mikkilineni
James.Landry@company.com,James,Landry
Steven.Markle@company.com,Steven,Markle
Laura.Bissot@company.com,Laura,Bissot
Mozhe.Atkinson@company.com,Mozhe,Atkinson
James.Marlow@company.com,James,Marlow
TJ.Olson@company.com,TJ,Olson
Jason.Mallin@company.com,Jason,Mallin
Michael.Rogers@company.com,Michael,Rogers
Ki.Gee@company.com,Ki,Gee
Hazel.Philtanker@company.com,Hazel,Philtanker
Renske.Ladwig@company.com,Renske,Ladwig
Stephen.Stiles@company.com,Stephen,Stiles
John.Seo@company.com,John,Seo
Joshua.Patel@company.com,Joshua,Patel
Trenna.Rajs@company.com,Trenna,Rajs
Curtis.Davies@company.com,Curtis,Davies
Randall.Matos@company.com,Randall,Matos
Peter.Vargas@company.com,Peter,Vargas
John.Russell@company.com,John,Russell
Karen.Partners@company.com,Karen,Partners
Alberto.Errazuriz@company.com,Alberto,Errazuriz
Gerald.Cambrault@company.com,Gerald,Cambrault
Eleni.Zlotkey@company.com,Eleni,Zlotkey
Peter.Tucker@company.com,Peter,Tucker
David.Bernstein@company.com,David,Bernstein
Peter.Hall@company.com,Peter,Hall
Christopher.Olsen@company.com,Christopher,Olsen
Nanette.Cambrault@company.com,Nanette,Cambrault
Oliver.Tuvault@company.com,Oliver,Tuvault
Janette.King@company.com,Janette,King
Patrick.Sully@company.com,Patrick,Sully
Allan.McEwen@company.com,Allan,McEwen
Lindsey.Smith@company.com,Lindsey,Smith
Louise.Doran@company.com,Louise,Doran
Sarath.Sewall@company.com,Sarath,Sewall
Clara.Vishney@company.com,Clara,Vishney
Danielle.Greene@company.com,Danielle,Greene
Mattea.Marvins@company.com,Mattea,Marvins
David.Lee@company.com,David,Lee
Sundar.Ande@company.com,Sundar,Ande
Amit.Banda@company.com,Amit,Banda
Lisa.Ozer@company.com,Lisa,Ozer
Harrison.Bloom@company.com,Harrison,Bloom
Tayler.Fox@company.com,Tayler,Fox
William.Smith@company.com,William,Smith
Elizabeth.Bates@company.com,Elizabeth,Bates
Sundita.Kumar@company.com,Sundita,Kumar
Ellen.Abel@company.com,Ellen,Abel
Alyssa.Hutton@company.com,Alyssa,Hutton
Jonathon.Taylor@company.com,Jonathon,Taylor
Jack.Livingston@company.com,Jack,Livingston
Kimberely.Grant@company.com,Kimberely,Grant
Charles.Johnson@company.com,Charles,Johnson
Winston.Taylor@company.com,Winston,Taylor
Jean.Fleaur@company.com,Jean,Fleaur
Martha.Sullivan@company.com,Martha,Sullivan
Girard.Geoni@company.com,Girard,Geoni
Nandita.Sarchand@company.com,Nandita,Sarchand
Alexis.Bull@company.com,Alexis,Bull
Julia.Dellinger@company.com,Julia,Dellinger
Anthony.Cabrio@company.com,Anthony,Cabrio
Kelly.Chung@company.com,Kelly,Chung
Jennifer.Dilly@company.com,Jennifer,Dilly
Timothy.Gates@company.com,Timothy,Gates
Randall.Perkins@company.com,Randall,Perkins
Sarah.Bell@company.com,Sarah,Bell
Britney.Everett@company.com,Britney,Everett
Samuel.McCain@company.com,Samuel,McCain
Vance.Jones@company.com,Vance,Jones
Alana.Walsh@company.com,Alana,Walsh
Kevin.Feeney@company.com,Kevin,Feeney
Donald.OConnell@company.com,Donald,OConnell
Douglas.Grant@company.com,Douglas,Grant
Jennifer.Whalen@company.com,Jennifer,Whalen
Michael.Hartstein@company.com,Michael,Hartstein
Pat.Fay@company.com,Pat,Fay
Susan.Mavris@company.com,Susan,Mavris
Hermann.Baer@company.com,Hermann,Baer
Shelley.Higgins@company.com,Shelley,Higgins
William.Gietz@company.com,William,Gietz
